graph_type,num_vars,algorithm,reference,mae_lb_error,rmse_lb_error,max_lb_error,mae_ub_error,rmse_ub_error,max_ub_error,containment_rate,mean_width_ratio,std_width_ratio,mean_build_time,mean_run_time,mean_total_time,std_total_time,ref_time,avg_induced_width
chain,5,approxlp,ariel,0.15612252,0.25719466,0.75745895,0.0868484,0.17950427,0.62958399,0.361702,1.578734,1.923717,1.1347,0.1158,1.2505,0.7168,0.8044,1.4
chain,5,ibp,ariel,0.2374686,0.31088178,0.665632,0.24592105,0.32400218,0.62958399,0.276596,0.816396,1.159011,1.15,1.7486,2.8986,5.4596,0.8044,1.4
chain,5,ijgp_cm,ariel,0.11340161,0.19823413,0.60016245,0.07806966,0.1554307,0.53142537,0.425532,1.571579,1.466214,1.2003,7.169,8.3694,21.7184,0.8044,1.4
chain,5,ijgp_cp,ariel,0.14643976,0.22065336,0.52893647,0.10543623,0.18836777,0.5,0.382979,1.347063,1.070193,1.1988,6.3096,7.5084,19.1465,0.8044,1.4
chain,10,approxlp,ariel,0.24360591,0.38460565,0.99999997,0.08545001,0.17299329,0.612112,0.493333,1.288831,1.238507,3.3003,0.614,3.9143,2.6249,2.3644,1.5
chain,10,ibp,ariel,0.2202744,0.29540337,0.5,0.20809371,0.27891961,0.5,0.348485,0.917918,1.335372,2.3803,21.4437,23.824,52.5629,2.3644,1.57
chain,10,ijgp_cm,ariel,0.12705047,0.21436695,0.52916399,0.08815038,0.15999583,0.46675477,0.723404,1.596547,1.186846,2.3782,0.9028,3.281,0.7742,2.3644,1.4
chain,10,ijgp_cp,ariel,0.10786591,0.18539487,0.52916399,0.09560293,0.17717767,0.54036529,0.617021,1.372219,0.66808,2.3965,0.7991,3.1956,0.6179,2.3644,1.4
chain,20,approxlp,ariel,0.25722774,0.41279858,0.99999996,0.12802816,0.23308949,0.74999989,0.6,1.455758,1.412936,8.2041,4.3973,12.6014,4.4638,6.1598,2.22
chain,20,ibp,ariel,0.26244488,0.34045663,0.68233104,0.25020276,0.32830845,0.68233105,0.367188,0.851472,1.769609,6.7386,30.1905,36.9291,36.2139,6.1598,2.14
chain,30,approxlp,ariel,0.25201747,0.41831692,0.99999997,0.10470581,0.2028931,0.694654,0.545098,1.199238,0.965206,11.7807,19.3761,31.1568,5.6251,9.7454,2.44
chain,30,ibp,ariel,0.26507692,0.34474165,0.66705299,0.28359223,0.35367103,0.66106199,0.343434,0.695003,1.089242,9.9058,14.6405,24.5463,21.6573,9.7454,2.43
chain,40,approxlp,ariel,0.23731442,0.40328953,0.99999996,0.12328155,0.23228104,0.68375699,0.569863,1.202044,0.830544,13.5815,36.1142,49.6956,13.2267,13.4489,2.5
chain,40,ibp,ariel,0.20974207,0.30026204,0.68334079,0.21042652,0.30157202,0.66562299,0.435986,0.791461,0.822365,10.7177,67.5085,78.2262,81.8018,13.4489,2.5
chain,50,approxlp,ariel,0.23017725,0.38951526,0.99999997,0.1081379,0.21165178,0.95714856,0.609091,1.245257,0.923726,17.8265,95.1696,112.9961,13.5184,18.3123,2.43
chain,50,ibp,ariel,0.23383331,0.31903788,0.69970799,0.23487783,0.31750907,0.60496199,0.411972,0.729776,0.844181,17.1783,155.6465,172.8248,195.6888,18.3123,2.33
chain,100,approxlp,ariel,0.23147434,0.39820165,0.99999996,0.10482533,0.21031576,0.98999352,0.605556,1.182232,0.843967,39.1268,829.5362,868.663,148.0969,34.0626,2.75
chain,100,ibp,ariel,0.22717348,0.31349432,0.62788756,0.2380806,0.31783945,0.49999996,0.341176,0.683717,0.722668,23.2402,21.3006,44.5408,0.0,34.0626,2.0
