instance,algorithm,reference,mae_lb_error,rmse_lb_error,max_lb_error,mae_ub_error,rmse_ub_error,max_ub_error,containment_rate,mean_width_ratio,build_time,run_time,total_time,ref_time,avg_induced_width
benchmark_scaling_directions_n24_2.lcn,approxlp,ariel,0.12147944,0.13766526,0.24199999,0.43703717,0.47765619,0.76899999,0.958333,5.404662,14.2674,28.4204,42.6878,12.7142,4.0
benchmark_scaling_directions_n32_1.lcn,approxlp,ariel,0.11475191,0.1322117,0.26599999,0.22470509,0.26812697,0.46448319,1.0,4.486389,5.8,22.5663,28.3663,17.3147,1.0
benchmark_scaling_directions_n32_1.lcn,ibp,ariel,0.231705,0.25549194,0.46199994,0.28785225,0.3105816,0.44918249,0.5,3.312809,5.2204,0.0597,5.2801,17.3147,1.0
maintenance_scaling_n12_3.lcn,approxlp,ariel,0.10029299,0.12105329,0.19400001,0.50131047,0.5541976,0.74751068,0.916667,5.739008,2.8108,1.0928,3.9036,5.6042,2.0
maintenance_scaling_n12_3.lcn,ccte_cm,ariel,0.0738112,0.08892103,0.16799999,0.27520714,0.3077145,0.43782139,0.416667,3.097929,2.8769,1.0534,3.9303,5.6042,2.0
maintenance_scaling_n12_3.lcn,ibp,ariel,0.35537108,0.37573239,0.48900001,0.27477953,0.2907664,0.41275099,0.166667,0.641723,2.8613,0.0564,2.9177,5.6042,2.0
maintenance_scaling_n6_1.lcn,approxlp,ariel,0.09633335,0.12505199,0.21199999,0.3971845,0.45389013,0.65026574,0.833333,3.517757,1.1736,0.1045,1.2781,1.6362,2.0
maintenance_scaling_n6_1.lcn,ccte,ariel,0.09633335,0.12505199,0.21199999,0.3390676,0.37960993,0.52968116,0.833333,3.250849,1.2782,697.6631,698.9413,1.6362,2.0
maintenance_scaling_n6_1.lcn,ccte_cm,ariel,0.10374798,0.126364,0.21199999,0.31940086,0.34914762,0.44554099,0.833333,2.951185,1.2924,0.1343,1.4267,1.6362,2.0
maintenance_scaling_n6_1.lcn,ibp,ariel,0.27683333,0.30898461,0.49999993,0.27424316,0.30339296,0.44554099,0.333333,1.208897,1.1827,0.0177,1.2004,1.6362,2.0
maintenance_scaling_n9_2.lcn,approxlp,ariel,0.10494092,0.13595228,0.24899999,0.47481577,0.53577069,0.76286931,0.888889,4.488263,1.9306,0.5081,2.4387,3.4185,2.0
maintenance_scaling_n9_2.lcn,ccte_cm,ariel,0.08095201,0.11444979,0.24033374,0.27419984,0.30983199,0.51508919,0.777778,2.738847,2.0362,0.5234,2.5596,3.4185,2.0
maintenance_scaling_n9_2.lcn,ibp,ariel,0.32914676,0.36060325,0.48900001,0.24954066,0.26561622,0.42293054,0.222222,0.804749,1.924,0.0324,1.9564,3.4185,2.0
paper_scaling_directions_n35_2.lcn,approxlp,ariel,0.1442328,0.16150992,0.26399999,0.44194149,0.46750326,0.78099999,1.0,305.136016,42.5515,209.371,251.9225,27.1184,5.0
paper_scaling_directions_n40_1.lcn,approxlp,ariel,0.12824481,0.14396671,0.29199999,0.26311898,0.29501316,0.4815659,0.975,4.402248,6.9732,55.6588,62.632,31.4054,1.0
