graph_type,num_vars,algorithm,mae_lb_error,rmse_lb_error,max_lb_error,mae_ub_error,rmse_ub_error,max_ub_error,containment_rate,mean_width_ratio,std_width_ratio,mean_build_time,mean_run_time,mean_total_time,std_total_time,exact_time,avg_induced_width
polytree,5,approxlp,0.06338983,0.12801539,0.37466999,0.09094293,0.19668927,0.68216799,0.38,1.372964,0.684768,0.8362,0.0496,0.8858,0.1805,1.2946,1.3
polytree,5,ariel,0.01011508,0.04459548,0.24902078,0.01108208,0.04628242,0.27284884,0.58,1.035528,0.174618,0.0,0.9453,0.9453,0.1964,1.2946,
polytree,5,ccte,0.07786609,0.14172819,0.41634999,0.0866695,0.16749668,0.52873799,0.38,1.260052,0.62141,0.8703,26.2222,27.0925,58.223,1.2946,1.3
polytree,5,ibp,0.22505836,0.29443188,0.5,0.14631297,0.21621828,0.5,0.22,0.593786,0.628521,0.8632,0.0076,0.8708,0.1706,1.2946,1.3
polytree,6,approxlp,0.07120533,0.16217547,0.67366399,0.07622918,0.15755729,0.5067502,0.516667,1.319022,0.623783,1.0315,0.0851,1.1166,0.1194,6.0423,1.2
polytree,6,ariel,0.0234097,0.07029325,0.34385051,0.0184442,0.07236048,0.39841839,0.416667,1.007787,0.14117,0.0,1.2628,1.2628,0.309,6.0423,
polytree,6,ccte,0.08034089,0.15948464,0.67366399,0.08232623,0.15818454,0.49834846,0.45,1.223828,0.521271,0.9714,72.263,73.2344,77.8982,6.0423,1.2
polytree,6,ibp,0.2019573,0.28386505,0.53597999,0.21513926,0.28494962,0.5,0.25,0.59707,0.647075,1.0323,0.0083,1.0407,0.1228,6.0423,1.2
polytree,7,approxlp,0.05735389,0.12657434,0.54211899,0.04303238,0.10805402,0.48644433,0.414286,1.036339,0.316819,1.4105,0.1525,1.5629,0.3351,33.1106,1.3
polytree,7,ariel,0.04442683,0.11855983,0.55841299,0.02880865,0.07756669,0.33294574,0.342857,0.915528,0.205755,0.0,1.8707,1.8707,0.347,33.1106,
polytree,7,ccte,0.05805762,0.11825431,0.41467699,0.04951467,0.09503998,0.2436365,0.392857,1.0009,0.211906,1.2605,35433.8688,35435.1293,59481.7612,33.1106,1.25
polytree,7,ibp,0.22139789,0.31466749,0.54211899,0.22519802,0.30370311,0.5,0.285714,0.497135,0.548555,1.3998,0.0145,1.4143,0.3107,33.1106,1.3
polytree,8,approxlp,0.07960893,0.17369083,0.68764999,0.07620658,0.15608817,0.63174999,0.4375,1.117295,0.744902,1.4992,0.2018,1.701,0.1463,170.5312,1.3
polytree,8,ariel,0.05574604,0.13725102,0.57943299,0.043437,0.10351046,0.40911095,0.15,0.925748,0.201005,0.0,1.8667,1.8667,0.2647,170.5312,
polytree,8,ibp,0.29693921,0.37069108,0.68764999,0.25932391,0.3414607,0.63174999,0.25,0.492151,0.671612,1.5075,0.0112,1.5187,0.1219,170.5312,1.3
polytree,9,approxlp,0.08939966,0.19510859,0.673099,0.0803686,0.18160244,0.68262,0.477778,1.031305,0.466982,1.9124,0.3191,2.2315,0.2601,952.6957,1.5
polytree,9,ariel,0.06170544,0.1618866,0.67309799,0.07282119,0.16915264,0.68896799,0.144444,0.860224,0.215718,0.0,2.2879,2.2879,0.3017,952.6957,
polytree,9,ibp,0.25127122,0.34545658,0.673099,0.27572112,0.35050725,0.57228699,0.3,0.518642,0.620445,1.8671,0.02,1.8871,0.2636,952.6957,1.5
polytree,10,approxlp,0.06753796,0.17247924,0.68727599,0.03989121,0.12261918,0.60057199,0.61,1.136124,0.495832,2.1069,0.4513,2.5582,0.3038,5563.2369,1.3
polytree,10,ariel,0.0374517,0.09572934,0.59678799,0.02762884,0.0816915,0.51993299,0.1,0.927684,0.133149,0.0,3.1799,3.1799,0.6499,5563.2369,
polytree,10,ibp,0.27231645,0.35779048,0.68160899,0.24530561,0.33506666,0.60057199,0.33,0.545346,0.676622,2.0963,0.0147,2.111,0.2805,5563.2369,1.3
