graph_type,num_vars,algorithm,reference,mae_lb_error,std_lb_error,max_lb_error,mae_ub_error,std_ub_error,max_ub_error,containment_rate,mean_width_ratio,std_width_ratio,mean_build_time,mean_run_time,mean_total_time,std_total_time,ref_time,avg_induced_width
dag_fr_tw3,5,approxlp,cjt_l,0.00393381,0.02377794,0.16812614,0.00202385,0.00854612,0.0539117,0.52,0.993586,0.026599,0.1319,0.0632,0.1951,0.0358,0.4237,2.0
dag_fr_tw3,5,ariel,cjt_l,0.00902787,0.02577863,0.11343241,0.01229187,0.05625097,0.38303481,0.64,0.957336,0.20035,0.0,3.377,3.377,5.6244,0.4237,
dag_fr_tw3,5,cjt,cjt_l,1e-08,1e-08,4e-08,1e-08,1e-08,5e-08,1.0,1.0,0.0,0.0054,0.3175,0.3229,0.0645,0.4237,3.0
dag_fr_tw3,5,cve,cjt_l,0.00061945,0.00410727,0.02786399,0.00168095,0.00849985,0.0539117,0.577778,0.997486,0.011647,0.1327,250.5042,250.637,486.5325,0.4237,2.0
dag_fr_tw3,5,cve_cm,cjt_l,0.06188212,0.06968929,0.25737748,0.05776597,0.07980186,0.33326462,0.2,0.862806,0.150119,0.1323,0.0324,0.1647,0.0382,0.4237,2.0
dag_fr_tw3,5,cve_cp,cjt_l,0.18340199,0.17018984,0.51993398,0.18630182,0.16733611,0.51070183,0.24,1.209427,2.791231,0.1332,0.0306,0.1638,0.0336,0.4237,2.0
dag_fr_tw3,5,ibp,cjt_l,0.00214091,0.0074376,0.03445676,0.00199464,0.00827312,0.0539117,0.64,0.999932,0.013683,0.1266,0.0077,0.1343,0.0269,0.4237,2.0
dag_fr_tw3,6,approxlp,cjt_l,0.00309454,0.01681664,0.12824017,0.00367898,0.01629727,0.1057255,0.516667,0.992847,0.025832,0.1376,0.0917,0.2293,0.0446,0.4914,1.9
dag_fr_tw3,6,ariel,cjt_l,0.00083932,0.00469513,0.03506859,0.00118903,0.00670958,0.04669174,0.766667,1.00015,0.011171,0.0,7.9595,7.9595,19.238,0.4914,
dag_fr_tw3,6,cjt,cjt_l,0.0,1e-08,5e-08,0.0,1e-08,5e-08,1.0,1.0,0.0,0.0056,0.3705,0.3761,0.0981,0.4914,2.9
dag_fr_tw3,6,cve,cjt_l,0.00309453,0.01681665,0.12824023,0.0019169,0.00944263,0.06441263,0.5,0.99495,0.02068,0.1545,267.6843,267.8388,500.2268,0.4914,1.9
dag_fr_tw3,6,cve_cm,cjt_l,0.05171689,0.08778878,0.42587967,0.05685099,0.08301613,0.40684998,0.25,0.881093,0.16567,0.1375,0.0384,0.1759,0.0301,0.4914,1.9
dag_fr_tw3,6,cve_cp,cjt_l,0.15011999,0.17116416,0.52553117,0.15037339,0.1535166,0.53832564,0.216667,0.916419,0.971205,0.1383,0.0362,0.1745,0.0303,0.4914,1.9
dag_fr_tw3,6,ibp,cjt_l,0.00329828,0.01682965,0.12824023,0.00196456,0.00923763,0.06441263,0.533333,0.995306,0.020786,0.1277,0.0073,0.1351,0.0232,0.4914,1.9
dag_fr_tw3,7,approxlp,cjt_l,0.00757249,0.02051911,0.08790311,0.00447116,0.01497704,0.08992245,0.428571,0.987487,0.026631,0.1728,0.1517,0.3245,0.061,0.7889,1.8
dag_fr_tw3,7,ariel,cjt_l,1.78e-06,1.463e-05,0.0001233,9.48e-06,7.862e-05,0.00066258,0.7,1.000011,9.3e-05,0.0,1.9219,1.9219,0.3493,0.7889,
dag_fr_tw3,7,cjt,cjt_l,0.0,1e-08,4e-08,0.0,0.0,3e-08,1.0,1.0,0.0,0.006,0.3742,0.3801,0.021,0.7889,2.8
dag_fr_tw3,7,cve,cjt_l,0.00310835,0.01598396,0.08615927,0.00196878,0.0101508,0.05471243,0.607143,0.994922,0.018699,0.1292,282.3558,282.485,394.3968,0.7889,1.5
dag_fr_tw3,7,cve_cm,cjt_l,0.06765047,0.10904508,0.41066373,0.07775238,0.11452774,0.42554643,0.271429,0.850345,0.215727,0.1669,0.065,0.2319,0.0521,0.7889,1.8
dag_fr_tw3,7,cve_cp,cjt_l,0.16627774,0.1810881,0.54995621,0.16611695,0.16797795,0.51852632,0.185714,0.884348,1.089884,0.1639,0.0576,0.2215,0.0531,0.7889,1.8
dag_fr_tw3,7,ibp,cjt_l,0.00725016,0.02056833,0.08790315,0.0040967,0.01434127,0.08992248,0.442857,0.988331,0.026116,0.1615,0.0101,0.1716,0.0317,0.7889,1.8
dag_fr_tw3,8,approxlp,cjt_l,0.00148895,0.00610511,0.04692976,0.00350523,0.01652391,0.11188736,0.4625,0.994413,0.020342,0.2435,0.3286,0.5721,0.1178,1.101,2.2
dag_fr_tw3,8,ariel,cjt_l,0.00294972,0.01357894,0.09401806,0.00066939,0.00311627,0.01888658,0.675,0.991424,0.112814,0.0,3.2627,3.2627,1.0414,1.101,
dag_fr_tw3,8,cjt,cjt_l,0.0,0.0,3e-08,0.0,1e-08,6e-08,1.0,1.0,0.0,0.0066,0.4669,0.4734,0.0425,1.101,3.22
dag_fr_tw3,8,cve_cm,cjt_l,0.15349035,0.14874167,0.52282458,0.12932544,0.13428169,0.46112968,0.1,0.685534,0.291202,0.244,0.1419,0.3859,0.113,1.101,2.2
dag_fr_tw3,8,cve_cp,cjt_l,0.24868531,0.18818489,0.56566929,0.24807453,0.1964925,0.5864873,0.075,0.534048,0.559191,0.2292,0.1427,0.372,0.1238,1.101,2.2
dag_fr_tw3,8,ibp,cjt_l,0.00315824,0.00907055,0.05348207,0.00208901,0.00961882,0.08328923,0.425,0.996864,0.015797,0.2356,0.0207,0.2563,0.043,1.101,2.2
dag_fr_tw3,9,approxlp,cjt_l,0.00129897,0.01092393,0.10389541,0.00192301,0.01626746,0.15518886,0.566667,0.996775,0.019468,0.2832,0.4895,0.7727,0.1494,1.2334,2.2
dag_fr_tw3,9,ariel,cjt_l,0.00890251,0.08337135,0.79541717,0.01135353,0.08383483,0.77799317,0.622222,0.987233,0.106903,0.0,3.5044,3.5044,0.8649,1.2334,
dag_fr_tw3,9,cjt,cjt_l,1e-08,8e-08,7.3e-07,0.0,1e-08,6e-08,1.0,1.0,2e-06,0.0066,256.3562,256.3627,723.6087,1.2334,3.22
dag_fr_tw3,9,cve_cm,cjt_l,0.15209809,0.14279154,0.52859229,0.14619354,0.13273885,0.48947996,0.088889,0.678016,0.264469,0.2744,0.2157,0.4901,0.1099,1.2334,2.2
dag_fr_tw3,9,cve_cp,cjt_l,0.31643541,0.19532748,0.71027465,0.2943884,0.1835721,0.60008773,0.088889,0.937703,2.533298,0.264,0.2117,0.4756,0.1366,1.2334,2.2
dag_fr_tw3,9,ibp,cjt_l,0.00156095,0.0109994,0.10389541,0.00044048,0.00182219,0.01290218,0.444444,0.998217,0.011332,0.2762,0.0232,0.2994,0.0456,1.2334,2.2
dag_fr_tw3,10,approxlp,cjt_l,0.00213818,0.01009879,0.08238135,0.00596311,0.02226528,0.150394,0.44,0.991831,0.025451,0.3134,0.7343,1.0477,0.2606,1.6166,2.2
dag_fr_tw3,10,ariel,cjt_l,0.00291754,0.02109335,0.19162676,0.00290906,0.01700251,0.13010652,0.68,1.006721,0.031774,0.0,3.9164,3.9164,1.3464,1.6166,
dag_fr_tw3,10,cjt,cjt_l,0.0,1e-08,6e-08,0.0,1e-08,5e-08,1.0,1.0,0.0,0.0062,0.5432,0.5494,0.0394,1.6166,3.11
dag_fr_tw3,10,cve,cjt_l,3.1e-07,3.9e-07,1e-06,4.2e-07,4.3e-07,1e-06,0.4,0.999995,1.1e-05,0.1956,104.0169,104.2125,0.0,1.6166,2.0
dag_fr_tw3,10,cve_cm,cjt_l,0.19295769,0.16404505,0.58272616,0.19716232,0.16503851,0.58902665,0.06,0.578942,0.326611,0.3041,0.3001,0.6042,0.1829,1.6166,2.2
dag_fr_tw3,10,cve_cp,cjt_l,0.30662141,0.19945787,0.62344127,0.2865655,0.18801127,0.56507272,0.05,0.443822,0.582619,0.2888,0.2842,0.573,0.174,1.6166,2.2
dag_fr_tw3,10,ibp,cjt_l,0.00436147,0.01421195,0.08238135,0.00576023,0.01899849,0.11934487,0.34,0.99599,0.027318,0.3066,0.0272,0.3338,0.0638,1.6166,2.2
